venueName,venueAddress,latitude,longitude,website,startDate,startTime,endDate,endTime
Brookside Gardens,"1800 Glenallan Avenue Wheaton, MD 20902",39.05983,-77.03309,https://www.montgomeryparks.org/events/flower-buds-3/,01/14/2019,10:30AM,01/14/2019,12:00PM
Brookside Gardens,"1800 Glenallan Avenue Wheaton, MD 20902",39.05983,-77.03309,https://www.montgomeryparks.org/events/kokedama-the-art-of-crafting-living-moss-balls/,01/19/2019,10:00AM,01/19/2019,12:00PM
Brookside Gardens,"1800 Glenallan Avenue Wheaton, MD 20902",39.05983,-77.03309,https://www.montgomeryparks.org/events/sbai-curriculum-art-in-watercolor-a3/,01/24/2019,10:00AM,01/24/2019, 1:30PM
Brookside Gardens,"1800 Glenallan Avenue Wheaton, MD 20902",39.05983,-77.03309,https://www.montgomeryparks.org/events/brookside-gardens-winter-tour-2/,01/28/2019,01:00PM,01/28/2019, 2:30PM
Brookside Gardens,"1800 Glenallan Avenue Wheaton, MD 20902",39.05983,-77.03309,https://www.montgomeryparks.org/events/east-vs-west-similarities-in-plant-species/,02/02/2019,10:00AM,02/02/2019,11:30AM
Brookside Gardens,"1800 Glenallan Avenue Wheaton, MD 20902",39.05983,-77.03309,https://www.montgomeryparks.org/events/valentines-tea-and-chocolate-/,02/09/2019,02:00PM,02/09/2019, 4:30PM
Brookside Gardens,"1800 Glenallan Avenue Wheaton, MD 20902",39.05983,-77.03309,https://www.montgomeryparks.org/events/flower-buds-25/,02/11/2019,10:30AM,02/11/2019,12:00PM
Brookside Gardens,"1800 Glenallan Avenue Wheaton, MD 20902",39.05983,-77.03309,https://www.montgomeryparks.org/events/everything-you-ever-wanted-to-know-about-pruning-2/,02/15/2019,01:00PM,02/15/2019, 3:00PM
Brookside Gardens,"1800 Glenallan Avenue Wheaton, MD 20902",39.05983,-77.03309,https://www.montgomeryparks.org/events/we-speak-weddings-brookside-gardens/,02/17/2019,10:00AM,02/17/2019, 1:00PM
Brookside Gardens,"1800 Glenallan Avenue Wheaton, MD 20902",39.05983,-77.03309,https://www.montgomeryparks.org/events/green-matters-designing-for-diverse-landscapes/,02/22/2019,08:00AM,02/22/2019, 4:00PM
Brookside Gardens,"1800 Glenallan Avenue Wheaton, MD 20902",39.05983,-77.03309,https://www.montgomeryparks.org/events/philadelphia-flower-show-3/,03/05/2019,08:00AM,03/05/2019, 8:00PM
Brookside Gardens,"1800 Glenallan Avenue Wheaton, MD 20902",39.05983,-77.03309,https://www.montgomeryparks.org/events/philadelphia-flower-show-4/,03/07/2019,09:00AM,03/07/2019, 9:00PM
Brookside Gardens,"1800 Glenallan Avenue Wheaton, MD 20902",39.05983,-77.03309,https://www.montgomeryparks.org/events/garden-fairies-and-gnomes-2/,06/24/2019,09:00AM,06/24/2019, 3:30PM
Brookside Gardens,"1800 Glenallan Avenue Wheaton, MD 20902",39.05983,-77.03309,https://www.montgomeryparks.org/events/garden-architects-and-inventors-2/,07/15/2019,09:00AM,07/15/2019, 3:30PM
Brookside Gardens,"1800 Glenallan Avenue Wheaton, MD 20902",39.05983,-77.03309,https://www.montgomeryparks.org/events/farms-food-fun-and-sun-3/,07/22/2019,09:00AM,07/22/2019, 3:30PM
Brookside Gardens,"1800 Glenallan Avenue Wheaton, MD 20902",39.05983,-77.03309,https://www.montgomeryparks.org/events/garden-eco-explorers-camp-2/,07/29/2019,09:00AM,07/29/2019, 3:30PM
Brookside Gardens,"1800 Glenallan Avenue Wheaton, MD 20902",39.05983,-77.03309,https://www.montgomeryparks.org/events/botanical-art-camp-3/,08/05/2019,09:00AM,08/05/2019,12:30PM
